{"cameraMode":{"drawMode":0,"name":"Shaded","section":"Shading Mode"},"sceneLighting":false,"audioPlay":false,"sceneViewState":{"m_AlwaysRefresh":false,"showFog":true,"showSkybox":false,"showFlares":true,"showImageEffects":true,"showParticleSystems":true,"showVisualEffectGraphs":true,"m_FxEnabled":true},"in2DMode":false,"pivot":{"x":519.634033203125,"y":210.4189910888672,"z":95.92330932617188},"rotation":{"x":-0.07733293622732163,"y":-0.003259330755099654,"z":0.0002777253102976829,"w":-0.9970256686210632},"size":400.9131774902344,"orthographic":false}